{
  "GET /dashboard-1" : {
    "transaction" : "GET /dashboard-1",
    "sampleCount" : 273,
    "errorCount" : 0,
    "errorPct" : 0.0,
    "meanResTime" : 91.37362637362641,
    "medianResTime" : 49.0,
    "minResTime" : 30.0,
    "maxResTime" : 2499.0,
    "pct1ResTime" : 164.2,
    "pct2ResTime" : 178.0,
    "pct3ResTime" : 561.499999999992,
    "throughput" : 0.3685573342909524,
    "receivedKBytesPerSec" : 8.024608469005408,
    "sentKBytesPerSec" : 0.3928182663022494
  },
  "POST /api/ai/itinerary-flow/research" : {
    "transaction" : "POST /api/ai/itinerary-flow/research",
    "sampleCount" : 269,
    "errorCount" : 4,
    "errorPct" : 1.4869889,
    "meanResTime" : 117252.72490706317,
    "medianResTime" : 114065.0,
    "minResTime" : 55735.0,
    "maxResTime" : 206181.0,
    "pct1ResTime" : 124934.0,
    "pct2ResTime" : 155129.0,
    "pct3ResTime" : 198005.10000000006,
    "throughput" : 0.31752102248851494,
    "receivedKBytesPerSec" : 3.754378086682059,
    "sentKBytesPerSec" : 0.4410420211481985
  },
  "GET /dashboard" : {
    "transaction" : "GET /dashboard",
    "sampleCount" : 274,
    "errorCount" : 1,
    "errorPct" : 0.3649635,
    "meanResTime" : 807.2299270072989,
    "medianResTime" : 572.0,
    "minResTime" : 3.0,
    "maxResTime" : 3164.0,
    "pct1ResTime" : 1661.0,
    "pct2ResTime" : 2036.25,
    "pct3ResTime" : 2945.0,
    "throughput" : 0.36907576155550614,
    "receivedKBytesPerSec" : 13.561111230376014,
    "sentKBytesPerSec" : 0.7788427782716748
  },
  "GET /dashboard-0" : {
    "transaction" : "GET /dashboard-0",
    "sampleCount" : 273,
    "errorCount" : 0,
    "errorPct" : 0.0,
    "meanResTime" : 718.4102564102565,
    "medianResTime" : 490.0,
    "minResTime" : 393.0,
    "maxResTime" : 2850.0,
    "pct1ResTime" : 1548.2,
    "pct2ResTime" : 1953.5,
    "pct3ResTime" : 2808.12,
    "throughput" : 0.3677466023850994,
    "receivedKBytesPerSec" : 5.552042069184181,
    "sentKBytesPerSec" : 0.38692638096931536
  },
  "POST /api/ai/itinerary-flow/planner" : {
    "transaction" : "POST /api/ai/itinerary-flow/planner",
    "sampleCount" : 270,
    "errorCount" : 0,
    "errorPct" : 0.0,
    "meanResTime" : 2498.525925925925,
    "medianResTime" : 2268.0,
    "minResTime" : 1540.0,
    "maxResTime" : 6898.0,
    "pct1ResTime" : 3419.8,
    "pct2ResTime" : 3940.499999999999,
    "pct3ResTime" : 5640.560000000014,
    "throughput" : 0.36661072458572985,
    "receivedKBytesPerSec" : 0.9664663843424633,
    "sentKBytesPerSec" : 0.42403287963558894
  },
  "Total" : {
    "transaction" : "Total",
    "sampleCount" : 2330,
    "errorCount" : 5,
    "errorPct" : 0.21459228,
    "meanResTime" : 14376.092703862638,
    "medianResTime" : 499.0,
    "minResTime" : 3.0,
    "maxResTime" : 206181.0,
    "pct1ResTime" : 107264.40000000001,
    "pct2ResTime" : 115275.75,
    "pct3ResTime" : 127352.5700000001,
    "throughput" : 2.6928788955729304,
    "receivedKBytesPerSec" : 30.738722982724546,
    "sentKBytesPerSec" : 3.8062489706672675
  },
  "POST /api/ai/itinerary-flow/logistics" : {
    "transaction" : "POST /api/ai/itinerary-flow/logistics",
    "sampleCount" : 149,
    "errorCount" : 0,
    "errorPct" : 0.0,
    "meanResTime" : 3714.2080536912754,
    "medianResTime" : 3698.0,
    "minResTime" : 1959.0,
    "maxResTime" : 5779.0,
    "pct1ResTime" : 4966.0,
    "pct2ResTime" : 5207.5,
    "pct3ResTime" : 5715.5,
    "throughput" : 0.30619374460564713,
    "receivedKBytesPerSec" : 1.0557298463123177,
    "sentKBytesPerSec" : 0.5455219967582507
  },
  "POST /api/ai/itinerary-flow/safety" : {
    "transaction" : "POST /api/ai/itinerary-flow/safety",
    "sampleCount" : 136,
    "errorCount" : 0,
    "errorPct" : 0.0,
    "meanResTime" : 441.33823529411757,
    "medianResTime" : 254.5,
    "minResTime" : 25.0,
    "maxResTime" : 1946.0,
    "pct1ResTime" : 1136.6,
    "pct2ResTime" : 1334.2000000000003,
    "pct3ResTime" : 1915.6599999999996,
    "throughput" : 0.2891162608764049,
    "receivedKBytesPerSec" : 0.9841337819064241,
    "sentKBytesPerSec" : 0.6565818990899215
  },
  "POST /api/ai/itinerary-flow/budget" : {
    "transaction" : "POST /api/ai/itinerary-flow/budget",
    "sampleCount" : 139,
    "errorCount" : 0,
    "errorPct" : 0.0,
    "meanResTime" : 63.07913669064748,
    "medianResTime" : 40.0,
    "minResTime" : 22.0,
    "maxResTime" : 254.0,
    "pct1ResTime" : 128.0,
    "pct2ResTime" : 148.0,
    "pct3ResTime" : 221.59999999999954,
    "throughput" : 0.29001533534327173,
    "receivedKBytesPerSec" : 1.356832720223875,
    "sentKBytesPerSec" : 0.6277376391395516
  },
  "GET /api/health" : {
    "transaction" : "GET /api/health",
    "sampleCount" : 276,
    "errorCount" : 0,
    "errorPct" : 0.0,
    "meanResTime" : 167.37681159420276,
    "medianResTime" : 104.0,
    "minResTime" : 35.0,
    "maxResTime" : 2118.0,
    "pct1ResTime" : 279.0000000000001,
    "pct2ResTime" : 537.0499999999967,
    "pct3ResTime" : 1500.0400000000081,
    "throughput" : 0.37216527374374,
    "receivedKBytesPerSec" : 0.6264078925500872,
    "sentKBytesPerSec" : 0.3919478785736631
  },
  "GET /api/trips" : {
    "transaction" : "GET /api/trips",
    "sampleCount" : 271,
    "errorCount" : 0,
    "errorPct" : 0.0,
    "meanResTime" : 627.512915129151,
    "medianResTime" : 440.0,
    "minResTime" : 386.0,
    "maxResTime" : 2367.0,
    "pct1ResTime" : 1306.4000000000008,
    "pct2ResTime" : 1745.1999999999985,
    "pct3ResTime" : 2263.3599999999988,
    "throughput" : 0.3672051891106724,
    "receivedKBytesPerSec" : 0.6493232152608309,
    "sentKBytesPerSec" : 0.3863525134246694
  }
}