{
  "POST /api/auth/login (dummy)" : {
    "transaction" : "POST /api/auth/login (dummy)",
    "sampleCount" : 1840,
    "errorCount" : 1840,
    "errorPct" : 100.0,
    "meanResTime" : 3020.7809782608697,
    "medianResTime" : 2889.0,
    "minResTime" : 45.0,
    "maxResTime" : 7363.0,
    "pct1ResTime" : 5619.8,
    "pct2ResTime" : 5866.749999999999,
    "pct3ResTime" : 6090.0,
    "throughput" : 2.473483982846926,
    "receivedKBytesPerSec" : 4.04757975179462,
    "sentKBytesPerSec" : 1.241573014827461
  },
  "GET /dashboard-1" : {
    "transaction" : "GET /dashboard-1",
    "sampleCount" : 1892,
    "errorCount" : 0,
    "errorPct" : 0.0,
    "meanResTime" : 91.19873150105708,
    "medianResTime" : 57.0,
    "minResTime" : 24.0,
    "maxResTime" : 542.0,
    "pct1ResTime" : 180.0,
    "pct2ResTime" : 238.0,
    "pct3ResTime" : 428.0,
    "throughput" : 2.535078410564792,
    "receivedKBytesPerSec" : 55.207645591147596,
    "sentKBytesPerSec" : 0.42828961428487206
  },
  "GET /dashboard-0" : {
    "transaction" : "GET /dashboard-0",
    "sampleCount" : 1892,
    "errorCount" : 0,
    "errorPct" : 0.0,
    "meanResTime" : 117.22251585623684,
    "medianResTime" : 83.0,
    "minResTime" : 29.0,
    "maxResTime" : 883.0,
    "pct1ResTime" : 243.0,
    "pct2ResTime" : 307.3499999999999,
    "pct3ResTime" : 493.119999999999,
    "throughput" : 2.535272039245797,
    "receivedKBytesPerSec" : 37.64275613768323,
    "sentKBytesPerSec" : 0.3936604045313298
  },
  "GET /api/admin/system-health" : {
    "transaction" : "GET /api/admin/system-health",
    "sampleCount" : 1774,
    "errorCount" : 1774,
    "errorPct" : 100.0,
    "meanResTime" : 64.9165727170237,
    "medianResTime" : 36.0,
    "minResTime" : 16.0,
    "maxResTime" : 3783.0,
    "pct1ResTime" : 137.0,
    "pct2ResTime" : 166.5,
    "pct3ResTime" : 250.75,
    "throughput" : 2.435779318942921,
    "receivedKBytesPerSec" : 4.371120454625029,
    "sentKBytesPerSec" : 0.411513498219849
  },
  "GET /api/trips" : {
    "transaction" : "GET /api/trips",
    "sampleCount" : 1802,
    "errorCount" : 0,
    "errorPct" : 0.0,
    "meanResTime" : 481.5299667036624,
    "medianResTime" : 448.0,
    "minResTime" : 373.0,
    "maxResTime" : 1758.0,
    "pct1ResTime" : 573.7,
    "pct2ResTime" : 624.0,
    "pct3ResTime" : 1581.94,
    "throughput" : 2.45182744141874,
    "receivedKBytesPerSec" : 4.335384378290986,
    "sentKBytesPerSec" : 1.1157730348643875
  },
  "GET /dashboard" : {
    "transaction" : "GET /dashboard",
    "sampleCount" : 1892,
    "errorCount" : 0,
    "errorPct" : 0.0,
    "meanResTime" : 208.5919661733617,
    "medianResTime" : 163.0,
    "minResTime" : 54.0,
    "maxResTime" : 1087.0,
    "pct1ResTime" : 407.0,
    "pct2ResTime" : 502.0,
    "pct3ResTime" : 733.1399999999999,
    "throughput" : 2.5349051889187666,
    "receivedKBytesPerSec" : 92.84118254181186,
    "sentKBytesPerSec" : 0.8218637917197563
  },
  "POST /api/ai/itinerary-flow/planner" : {
    "transaction" : "POST /api/ai/itinerary-flow/planner",
    "sampleCount" : 1771,
    "errorCount" : 1358,
    "errorPct" : 76.67984,
    "meanResTime" : 813.447204968943,
    "medianResTime" : 369.0,
    "minResTime" : 255.0,
    "maxResTime" : 7495.0,
    "pct1ResTime" : 2254.9999999999995,
    "pct2ResTime" : 2532.2,
    "pct3ResTime" : 3240.56,
    "throughput" : 2.4297952441319963,
    "receivedKBytesPerSec" : 5.895234330839054,
    "sentKBytesPerSec" : 2.0901083405191336
  },
  "Total" : {
    "transaction" : "Total",
    "sampleCount" : 22233,
    "errorCount" : 4972,
    "errorPct" : 22.363153,
    "meanResTime" : 445.93163315791753,
    "medianResTime" : 125.0,
    "minResTime" : 16.0,
    "maxResTime" : 7495.0,
    "pct1ResTime" : 604.0,
    "pct2ResTime" : 2408.9000000000015,
    "pct3ResTime" : 5531.0,
    "throughput" : 29.574952344592823,
    "receivedKBytesPerSec" : 395.8848982762411,
    "sentKBytesPerSec" : 9.109930567518367
  },
  "GET /dashboard/destination/Petra-0" : {
    "transaction" : "GET /dashboard/destination/Petra-0",
    "sampleCount" : 1873,
    "errorCount" : 0,
    "errorPct" : 0.0,
    "meanResTime" : 125.16657768286159,
    "medianResTime" : 95.0,
    "minResTime" : 29.0,
    "maxResTime" : 1762.0,
    "pct1ResTime" : 244.0,
    "pct2ResTime" : 324.0,
    "pct3ResTime" : 550.78,
    "throughput" : 2.515843230595233,
    "receivedKBytesPerSec" : 37.91454893301651,
    "sentKBytesPerSec" : 0.4643499712719717
  },
  "GET /dashboard/destination/Petra-1" : {
    "transaction" : "GET /dashboard/destination/Petra-1",
    "sampleCount" : 1873,
    "errorCount" : 0,
    "errorPct" : 0.0,
    "meanResTime" : 93.8142018152696,
    "medianResTime" : 57.0,
    "minResTime" : 24.0,
    "maxResTime" : 1220.0,
    "pct1ResTime" : 182.60000000000014,
    "pct2ResTime" : 270.5999999999999,
    "pct3ResTime" : 447.29999999999995,
    "throughput" : 2.515998688940352,
    "receivedKBytesPerSec" : 55.12275767745649,
    "sentKBytesPerSec" : 0.5184333236000139
  },
  "GET /dashboard/destination/Petra" : {
    "transaction" : "GET /dashboard/destination/Petra",
    "sampleCount" : 1873,
    "errorCount" : 0,
    "errorPct" : 0.0,
    "meanResTime" : 219.1639081687134,
    "medianResTime" : 172.0,
    "minResTime" : 54.0,
    "maxResTime" : 2982.0,
    "pct1ResTime" : 431.0,
    "pct2ResTime" : 529.3,
    "pct3ResTime" : 776.26,
    "throughput" : 2.515660760527362,
    "receivedKBytesPerSec" : 93.02715309014609,
    "sentKBytesPerSec" : 0.9826799845810008
  },
  "GET /api/health" : {
    "transaction" : "GET /api/health",
    "sampleCount" : 1903,
    "errorCount" : 0,
    "errorPct" : 0.0,
    "meanResTime" : 110.60798738833427,
    "medianResTime" : 81.0,
    "minResTime" : 32.0,
    "maxResTime" : 792.0,
    "pct1ResTime" : 225.60000000000014,
    "pct2ResTime" : 276.0,
    "pct3ResTime" : 379.8000000000002,
    "throughput" : 2.543998609690723,
    "receivedKBytesPerSec" : 4.282245524942015,
    "sentKBytesPerSec" : 0.39749978276417547
  },
  "GET /api/auth/csrf" : {
    "transaction" : "GET /api/auth/csrf",
    "sampleCount" : 1848,
    "errorCount" : 0,
    "errorPct" : 0.0,
    "meanResTime" : 60.90151515151515,
    "medianResTime" : 34.0,
    "minResTime" : 16.0,
    "maxResTime" : 511.0,
    "pct1ResTime" : 131.0,
    "pct2ResTime" : 162.0,
    "pct3ResTime" : 253.03999999999996,
    "throughput" : 2.4908681646021753,
    "receivedKBytesPerSec" : 4.869028398828699,
    "sentKBytesPerSec" : 0.3964956160450729
  }
}